{"cameraMode":{"drawMode":0,"name":"Shaded","section":"Shading Mode"},"sceneLighting":false,"audioPlay":false,"sceneViewState":{"showFog":true,"showMaterialUpdate":false,"showSkybox":false,"showFlares":true,"showImageEffects":true,"showParticleSystems":true,"showVisualEffectGraphs":true,"m_FxEnabled":true},"in2DMode":false,"pivot":{"x":1.5467898845672608,"y":0.0003478527069091797,"z":-8.094544410705567},"rotation":{"x":0.3234700858592987,"y":-0.004258046858012676,"z":0.0014556206297129393,"w":0.9462274312973023},"size":2.439662218093872,"orthographic":true}