{"cameraMode":{"drawMode":0,"name":"Shaded","section":"Shading Mode"},"sceneLighting":false,"audioPlay":false,"sceneViewState":{"showFog":true,"showMaterialUpdate":false,"showSkybox":false,"showFlares":true,"showImageEffects":true,"showParticleSystems":true,"showVisualEffectGraphs":true,"m_FxEnabled":true},"in2DMode":false,"pivot":{"x":-0.46427151560783389,"y":0.3763784170150757,"z":0.8965232968330383},"rotation":{"x":0.370781272649765,"y":-0.41518208384513857,"z":0.19035601615905763,"w":0.8086761832237244},"size":0.6608704328536987,"orthographic":false}