{"cameraMode":{"drawMode":0,"name":"Shaded","section":"Shading Mode"},"sceneLighting":false,"audioPlay":false,"sceneViewState":{"showFog":true,"showMaterialUpdate":false,"showSkybox":false,"showFlares":true,"showImageEffects":true,"showParticleSystems":true,"showVisualEffectGraphs":true,"m_FxEnabled":true},"in2DMode":false,"pivot":{"x":-0.22989442944526673,"y":-0.005339611321687698,"z":0.10206564515829086},"rotation":{"x":-0.1143939271569252,"y":-0.7746658325195313,"z":0.14643977582454682,"w":-0.6045620441436768},"size":0.07501308619976044,"orthographic":false}