{"cameraMode":{"drawMode":0,"name":"Shaded","section":"Shading Mode"},"sceneLighting":false,"audioPlay":false,"sceneViewState":{"showFog":true,"showMaterialUpdate":false,"showSkybox":false,"showFlares":true,"showImageEffects":true,"showParticleSystems":true,"showVisualEffectGraphs":true,"m_FxEnabled":true},"in2DMode":false,"pivot":{"x":-0.2504551112651825,"y":0.45039665699005129,"z":-0.19940155744552613},"rotation":{"x":-0.12684845924377442,"y":0.8553335666656494,"z":-0.43654173612594607,"w":-0.24865832924842835},"size":0.6497424840927124,"orthographic":false}