{"cameraMode":{"drawMode":0,"name":"Shaded","section":"Shading Mode"},"sceneLighting":false,"audioPlay":false,"sceneViewState":{"showFog":true,"showMaterialUpdate":false,"showSkybox":false,"showFlares":true,"showImageEffects":true,"showParticleSystems":true,"showVisualEffectGraphs":true,"m_FxEnabled":true},"in2DMode":false,"pivot":{"x":-0.26293420791625979,"y":0.3322485685348511,"z":-0.04842519760131836},"rotation":{"x":-0.14587032794952393,"y":0.8524119853973389,"z":-0.38313814997673037,"w":-0.3246634900569916},"size":1.2497425079345704,"orthographic":false}