{"cameraMode":{"drawMode":0,"name":"Shaded","section":"Shading Mode"},"sceneLighting":false,"audioPlay":false,"sceneViewState":{"showFog":true,"showMaterialUpdate":false,"showSkybox":false,"showFlares":true,"showImageEffects":true,"showParticleSystems":true,"showVisualEffectGraphs":true,"m_FxEnabled":true},"in2DMode":false,"pivot":{"x":7.450580596923828e-9,"y":0.0038107354193925859,"z":0.014598902314901352},"rotation":{"x":-0.16344591975212098,"y":-0.8360283374786377,"z":0.3518584668636322,"w":-0.38815826177597048},"size":0.06789173185825348,"orthographic":false}