{"cameraMode":{"drawMode":0,"name":"Shaded","section":"Shading Mode"},"sceneLighting":false,"audioPlay":false,"sceneViewState":{"showFog":true,"showMaterialUpdate":false,"showSkybox":false,"showFlares":true,"showImageEffects":true,"showParticleSystems":true,"showVisualEffectGraphs":true,"m_FxEnabled":true},"in2DMode":false,"pivot":{"x":0.08415305614471436,"y":-0.10345214605331421,"z":0.0918918251991272},"rotation":{"x":-0.10346955806016922,"y":0.8538885712623596,"z":-0.1860199272632599,"w":-0.47494471073150637},"size":0.7732052206993103,"orthographic":false}