{"cameraMode":{"drawMode":0,"name":"Shaded","section":"Shading Mode"},"sceneLighting":false,"audioPlay":false,"sceneViewState":{"showFog":true,"showMaterialUpdate":false,"showSkybox":false,"showFlares":true,"showImageEffects":true,"showParticleSystems":true,"showVisualEffectGraphs":true,"m_FxEnabled":true},"in2DMode":false,"pivot":{"x":-0.18944105505943299,"y":1.1222078800201417,"z":-0.023205503821372987},"rotation":{"x":-0.3063313066959381,"y":0.36362460255622866,"z":-0.1279679834842682,"w":-0.870410144329071},"size":0.6757586002349854,"orthographic":false}