{"cameraMode":{"drawMode":0,"name":"Shaded","section":"Shading Mode"},"sceneLighting":false,"audioPlay":false,"sceneViewState":{"showFog":true,"showMaterialUpdate":false,"showSkybox":true,"showFlares":true,"showImageEffects":true,"showParticleSystems":true,"showVisualEffectGraphs":true,"m_FxEnabled":true},"in2DMode":false,"pivot":{"x":70.67350006103516,"y":-23.42495346069336,"z":72.62348175048828},"rotation":{"x":0.45724841952323916,"y":-0.0026675756089389326,"z":0.0013722216244786978,"w":0.8893399238586426},"size":24.648996353149415,"orthographic":false}