{"cameraMode":{"drawMode":0,"name":"Shaded","section":"Shading Mode"},"sceneLighting":false,"audioPlay":false,"sceneViewState":{"showFog":true,"showMaterialUpdate":false,"showSkybox":true,"showFlares":true,"showImageEffects":true,"showParticleSystems":true,"showVisualEffectGraphs":true,"m_FxEnabled":true},"in2DMode":false,"pivot":{"x":-5.272039890289307,"y":0.0025844573974609377,"z":-9.257604598999024},"rotation":{"x":0.6445989608764648,"y":0.2889699339866638,"z":-0.28810256719589236,"w":0.6465331315994263},"size":18.304241180419923,"orthographic":false}