{"cameraMode":{"drawMode":0,"name":"Shaded","section":"Shading Mode"},"sceneLighting":false,"audioPlay":false,"sceneViewState":{"showFog":true,"showMaterialUpdate":false,"showSkybox":true,"showFlares":true,"showImageEffects":true,"showParticleSystems":true,"showVisualEffectGraphs":true,"m_FxEnabled":true},"in2DMode":false,"pivot":{"x":24.846267700195314,"y":0.5499992370605469,"z":62.095863342285159},"rotation":{"x":0.44797196984291079,"y":0.11741160601377487,"z":-0.05947834625840187,"w":0.8843057751655579},"size":3.617426633834839,"orthographic":false}