{"cameraMode":{"drawMode":0,"name":"Shaded","section":"Shading Mode"},"sceneLighting":false,"audioPlay":false,"sceneViewState":{"showFog":true,"showMaterialUpdate":false,"showSkybox":true,"showFlares":true,"showImageEffects":true,"showParticleSystems":true,"showVisualEffectGraphs":true,"m_FxEnabled":true},"in2DMode":false,"pivot":{"x":74.41686248779297,"y":15.081952095031739,"z":45.594932556152347},"rotation":{"x":0.49208763241767886,"y":-0.4013034701347351,"z":0.27338269352912905,"w":0.7225958108901978},"size":11.414018630981446,"orthographic":false}