{"cameraMode":{"drawMode":0,"name":"Shaded","section":"Shading Mode"},"sceneLighting":false,"audioPlay":false,"sceneViewState":{"showFog":true,"showMaterialUpdate":false,"showSkybox":true,"showFlares":true,"showImageEffects":true,"showParticleSystems":true,"showVisualEffectGraphs":true,"m_FxEnabled":true},"in2DMode":false,"pivot":{"x":0.031408101320266727,"y":1.0578261613845826,"z":0.15168261528015138},"rotation":{"x":-0.26569607853889468,"y":-0.3085611164569855,"z":0.09019267559051514,"w":-0.9089033603668213},"size":0.6087047457695007,"orthographic":false}