{"cameraMode":{"drawMode":0,"name":"Shaded","section":"Shading Mode"},"sceneLighting":false,"audioPlay":false,"sceneViewState":{"showFog":true,"showMaterialUpdate":false,"showSkybox":false,"showFlares":true,"showImageEffects":true,"showParticleSystems":true,"showVisualEffectGraphs":true,"m_FxEnabled":true},"in2DMode":false,"pivot":{"x":0.2627483308315277,"y":0.8539624810218811,"z":-0.06857679784297943},"rotation":{"x":0.0804801657795906,"y":0.885678768157959,"z":-0.16748644411563874,"w":0.4255683720111847},"size":0.47907745838165285,"orthographic":false}