{"cameraMode":{"drawMode":0,"name":"Shaded","section":"Shading Mode"},"sceneLighting":false,"audioPlay":false,"sceneViewState":{"showFog":true,"showMaterialUpdate":false,"showSkybox":false,"showFlares":true,"showImageEffects":true,"showParticleSystems":true,"showVisualEffectGraphs":true,"m_FxEnabled":true},"in2DMode":false,"pivot":{"x":-0.17809835076332093,"y":1.0599582195281983,"z":0.12879663705825807},"rotation":{"x":-0.06664541363716126,"y":0.9304928183555603,"z":-0.2138446569442749,"w":-0.2899467349052429},"size":0.37899690866470339,"orthographic":false}