{"cameraMode":{"drawMode":0,"name":"Shaded","section":"Shading Mode"},"sceneLighting":false,"audioPlay":false,"sceneViewState":{"showFog":true,"showMaterialUpdate":false,"showSkybox":false,"showFlares":true,"showImageEffects":true,"showParticleSystems":true,"showVisualEffectGraphs":true,"m_FxEnabled":true},"in2DMode":false,"pivot":{"x":0.029363438487052919,"y":0.9151803851127625,"z":0.19298583269119264},"rotation":{"x":-0.2275344580411911,"y":-0.08373121917247772,"z":0.019586656242609025,"w":-0.9700124263763428},"size":0.13821451365947724,"orthographic":false}