{"cameraMode":{"drawMode":0,"name":"Shaded","section":"Shading Mode"},"sceneLighting":false,"audioPlay":false,"sceneViewState":{"showFog":true,"showMaterialUpdate":false,"showSkybox":false,"showFlares":true,"showImageEffects":true,"showParticleSystems":true,"showVisualEffectGraphs":true,"m_FxEnabled":true},"in2DMode":false,"pivot":{"x":-31.886302947998048,"y":0.263617604970932,"z":32.59622573852539},"rotation":{"x":0.05935858190059662,"y":-0.011978932656347752,"z":0.0007102048839442432,"w":0.9981744289398193},"size":0.404489129781723,"orthographic":false}