{"cameraMode":{"drawMode":0,"name":"Shaded","section":"Shading Mode"},"sceneLighting":false,"audioPlay":false,"sceneViewState":{"showFog":true,"showMaterialUpdate":false,"showSkybox":false,"showFlares":true,"showImageEffects":true,"showParticleSystems":true,"showVisualEffectGraphs":true,"m_FxEnabled":true},"in2DMode":false,"pivot":{"x":0.2874065041542053,"y":1.0487160682678223,"z":0.17830300331115724},"rotation":{"x":0.15837158262729646,"y":0.8415476083755493,"z":-0.3586779534816742,"w":0.37157633900642397},"size":0.35716015100479128,"orthographic":false}