{"cameraMode":{"drawMode":0,"name":"Shaded","section":"Shading Mode"},"sceneLighting":false,"audioPlay":false,"sceneViewState":{"showFog":true,"showMaterialUpdate":false,"showSkybox":false,"showFlares":true,"showImageEffects":true,"showParticleSystems":true,"showVisualEffectGraphs":true,"m_FxEnabled":true},"in2DMode":false,"pivot":{"x":0.007975786924362183,"y":1.0395710468292237,"z":0.08394908905029297},"rotation":{"x":-0.1672767698764801,"y":-0.8273332118988037,"z":0.3236530125141144,"w":-0.4275875985622406},"size":0.43571436405181887,"orthographic":false}