{"cameraMode":{"drawMode":0,"name":"Shaded","section":"Shading Mode"},"sceneLighting":false,"audioPlay":false,"sceneViewState":{"showFog":true,"showMaterialUpdate":false,"showSkybox":false,"showFlares":true,"showImageEffects":true,"showParticleSystems":true,"showVisualEffectGraphs":true,"m_FxEnabled":true},"in2DMode":false,"pivot":{"x":0.09981152415275574,"y":1.1592506170272828,"z":0.7278216481208801},"rotation":{"x":0.06460323184728623,"y":-0.9345541000366211,"z":0.26711544394493105,"w":0.22602425515651704},"size":0.20797458291053773,"orthographic":true}