{"cameraMode":{"drawMode":0,"name":"Shaded","section":"Shading Mode"},"sceneLighting":false,"audioPlay":false,"sceneViewState":{"showFog":true,"showMaterialUpdate":false,"showSkybox":false,"showFlares":true,"showImageEffects":true,"showParticleSystems":true,"showVisualEffectGraphs":true,"m_FxEnabled":true},"in2DMode":false,"pivot":{"x":0.35182178020477297,"y":1.0962514877319337,"z":0.08221125602722168},"rotation":{"x":-0.22293563187122346,"y":-0.7378340363502502,"z":0.2899172008037567,"w":-0.5673567056655884},"size":0.5687633156776428,"orthographic":false}