{"cameraMode":{"drawMode":0,"name":"Shaded","section":"Shading Mode"},"sceneLighting":false,"audioPlay":false,"sceneViewState":{"showFog":true,"showMaterialUpdate":false,"showSkybox":false,"showFlares":true,"showImageEffects":true,"showParticleSystems":true,"showVisualEffectGraphs":true,"m_FxEnabled":true},"in2DMode":false,"pivot":{"x":19.356353759765626,"y":1.2670154571533204,"z":2.933065414428711},"rotation":{"x":-0.32618895173072817,"y":0.15306784212589265,"z":-0.05362711846828461,"w":-0.9313098192214966},"size":11.290907859802246,"orthographic":false}