{"cameraMode":{"drawMode":0,"name":"Shaded","section":"Shading Mode"},"sceneLighting":false,"audioPlay":false,"sceneViewState":{"showFog":true,"showMaterialUpdate":false,"showSkybox":false,"showFlares":true,"showImageEffects":true,"showParticleSystems":true,"showVisualEffectGraphs":true,"m_FxEnabled":true},"in2DMode":false,"pivot":{"x":0.3588261604309082,"y":0.38157010078430178,"z":0.27241718769073489},"rotation":{"x":-0.36102721095085146,"y":-0.5131335854530335,"z":0.2512494921684265,"w":-0.7371289730072022},"size":0.6138215065002441,"orthographic":false}