{"cameraMode":{"drawMode":0,"name":"Shaded","section":"Shading Mode"},"sceneLighting":false,"audioPlay":false,"sceneViewState":{"showFog":true,"showMaterialUpdate":false,"showSkybox":false,"showFlares":true,"showImageEffects":true,"showParticleSystems":true,"showVisualEffectGraphs":true,"m_FxEnabled":true},"in2DMode":false,"pivot":{"x":0.044399142265319827,"y":1.0577150583267213,"z":0.3680734932422638},"rotation":{"x":0.030761655420064927,"y":-0.9641077518463135,"z":0.12888862192630769,"w":0.23011267185211183},"size":0.24671924114227296,"orthographic":false}